Symbol,Name,Price,Volume,timestamp,price_usd,volume_24h
DOGE,Dogecoin,0.08,500000.0,,,
SHIB,Shiba Inu,1e-05,100000.0,,,
ADA,Cardano,0.45,250000.0,,,
,,,,2025-12-22 23:26:40,89272.0,38081663926.47814
,,,,2025-12-22 23:35:10,89345.0,36477339739.76954
,,,,2025-12-22 23:37:02,89262.0,38132629269.33144
,,,,2025-12-22 18:21:30,89288.0,37889068194.79269
,,,,2025-12-22 19:12:02,88835.0,38910356000.40113
,,,,2025-12-22 20:14:48,88124.0,40220877438.18753
,,,,2025-12-22 21:11:45,88327.0,41648412247.30302
,,,,2025-12-22 22:13:31,88202.0,42119583890.54045
,,,,2025-12-22 23:13:00,88558.0,42579015093.05981
,,,,2025-12-23 01:03:16,88718.0,40821859219.94444
,,,,2025-12-23 03:20:41,88179.0,40199990170.66059
,,,,2025-12-23 04:31:49,88193.0,40186194224.0193
,,,,2025-12-23 05:18:08,87840.0,40036036791.58434
,,,,2025-12-23 06:22:07,87207.0,41302390732.11572
,,,,2025-12-23 07:18:31,87386.0,43172454166.34831
,,,,2025-12-23 08:19:45,87596.0,48961717948.35989
,,,,2025-12-23 09:18:14,87477.0,49130856992.92642
,,,,2025-12-23 10:15:13,87467.0,48579925251.64523
,,,,2025-12-23 11:12:47,87590.0,48145037098.41778
,,,,2025-12-23 12:27:44,87689.0,38261909141.60075
,,,,2025-12-23 13:31:16,87705.0,46567411710.55356
,,,,2025-12-23 14:14:19,87756.0,37847354923.762405
,,,,2025-12-23 15:14:21,86883.0,47152063478.58749
,,,,2025-12-23 16:17:18,87729.0,46903745015.6506
,,,,2025-12-23 17:14:31,87819.0,47314791502.34192
,,,,2025-12-23 18:20:09,87646.0,47651988392.745926
,,,,2025-12-23 19:12:45,87756.0,47883454497.40131
,,,,2025-12-23 20:14:29,87589.0,46962177919.55519
,,,,2025-12-23 21:12:59,87531.0,45783451852.51161
,,,,2025-12-23 22:13:18,87512.0,47553720351.77404
,,,,2025-12-23 23:12:35,87239.0,47242506848.65456
,,,,2025-12-24 01:02:24,87641.0,48058032385.85812
,,,,2025-12-24 03:18:02,86983.0,46894432078.36538
,,,,2025-12-24 04:29:56,87274.0,47891300308.24679
,,,,2025-12-24 05:18:14,87041.0,45212206042.332016
,,,,2025-12-24 06:22:12,86814.0,45342206710.095146
,,,,2025-12-24 07:18:08,86984.0,44776460063.05439
,,,,2025-12-24 08:19:48,86951.0,37868770361.18494
,,,,2025-12-24 09:17:42,86819.0,36844732206.39963
,,,,2025-12-24 10:14:39,87001.0,35528289923.21031
,,,,2025-12-24 11:12:40,87231.0,37152985159.63315
,,,,2025-12-24 12:26:45,87245.0,36615149127.5839
,,,,2025-12-24 13:27:17,87240.0,36409279743.45338
,,,,2025-12-24 14:13:09,87369.0,36210922249.71022
,,,,2025-12-24 15:14:13,86934.0,34909559601.86519
,,,,2025-12-24 16:16:45,87065.0,34337383481.063667
,,,,2025-12-24 17:11:40,87255.0,34269883035.02756
,,,,2025-12-24 18:19:37,87386.0,33759387197.97224
,,,,2025-12-24 19:10:30,87426.0,32593377555.6206
,,,,2025-12-24 20:14:38,87577.0,31838339818.52097
,,,,2025-12-24 21:11:53,87554.0,30417101385.96297
,,,,2025-12-24 22:13:37,87764.0,29917980291.65005
,,,,2025-12-24 23:13:01,87769.0,29328369956.195515
,,,,2025-12-25 01:03:07,87528.0,28315690526.516216
,,,,2025-12-25 03:21:07,87771.0,26883834497.523453
,,,,2025-12-25 04:31:54,87702.0,26497339415.70017
,,,,2025-12-25 05:17:49,87622.0,24980093815.93532
,,,,2025-12-25 06:21:41,87673.0,25195706019.198925
,,,,2025-12-25 07:16:21,87755.0,24795295410.91821
,,,,2025-12-25 08:19:17,87618.0,23374912244.698795
,,,,2025-12-25 09:16:13,87440.0,24585072108.559216
,,,,2025-12-25 10:14:36,87375.0,24951970213.82134
,,,,2025-12-25 11:12:00,87439.0,23627222191.65498
,,,,2025-12-25 12:26:14,87483.0,24114250201.37746
,,,,2025-12-25 13:27:06,87415.0,23861532165.912663
,,,,2025-12-25 14:13:03,87636.0,23566851776.27707
,,,,2025-12-25 15:13:35,87696.0,21863964355.35318
,,,,2025-12-25 16:16:24,88219.0,22937377238.92586
,,,,2025-12-25 17:12:13,88096.0,21874623411.91376
,,,,2025-12-25 18:19:24,88191.0,21551257655.637383
,,,,2025-12-25 19:10:50,88122.0,21444780466.73482
,,,,2025-12-25 20:15:07,88053.0,20831775729.993458
,,,,2025-12-25 21:12:38,87895.0,21457683332.429035
,,,,2025-12-25 22:13:06,87776.0,21098581918.37013
,,,,2025-12-25 23:13:09,87671.0,21745474572.72254
,,,,2025-12-26 01:03:11,87088.0,23983137908.17833
,,,,2025-12-26 03:18:48,88858.0,30425759220.97475
,,,,2025-12-26 04:28:58,88617.0,32037830996.77099
,,,,2025-12-26 05:15:53,88858.0,32721293459.74056
,,,,2025-12-26 06:21:21,89031.0,33404895659.670338
,,,,2025-12-26 07:16:10,89275.0,34530914812.9149
,,,,2025-12-26 08:18:56,88616.0,37510108237.66947
,,,,2025-12-26 09:15:43,88622.0,37319359630.15689
,,,,2025-12-26 10:14:33,88806.0,37842491144.45284
,,,,2025-12-26 11:12:37,88641.0,37898697427.9829
,,,,2025-12-26 12:26:17,88612.0,37540869020.28548
,,,,2025-12-26 13:27:53,88748.0,38265792120.114845
,,,,2025-12-26 14:13:35,88903.0,37970986526.329285
,,,,2025-12-26 15:13:41,86838.0,42864390607.27487
,,,,2025-12-26 16:15:34,87000.0,46038695087.35929
,,,,2025-12-26 17:11:40,86938.0,46418549712.91913
,,,,2025-12-26 18:19:18,87245.0,46679980480.25582
,,,,2025-12-26 19:10:20,87229.0,48209441141.23642
,,,,2025-12-26 20:14:12,87397.0,48269555878.860695
,,,,2025-12-26 21:11:44,87520.0,48232844176.99827
,,,,2025-12-26 22:13:17,87511.0,48471729984.98778
,,,,2025-12-26 23:13:10,87426.0,47884065218.45456
,,,,2025-12-27 01:01:48,87333.0,45644472256.29496
,,,,2025-12-27 03:17:08,87337.0,39479983331.07554
,,,,2025-12-27 04:26:29,87420.0,37330094308.03573
,,,,2025-12-27 05:15:01,87395.0,36794186933.54483
,,,,2025-12-27 06:20:10,87427.0,36332493859.50915
,,,,2025-12-27 07:13:07,87481.0,35278549021.2026
,,,,2025-12-27 08:17:46,87510.0,31626128860.13701
,,,,2025-12-27 09:13:31,87593.0,31140747782.758667
,,,,2025-12-27 10:13:07,87553.0,31421035933.47743
,,,,2025-12-27 11:10:55,87454.0,31239714571.08794
,,,,2025-12-27 12:24:15,87422.0,30826478964.80825
,,,,2025-12-27 13:23:43,87372.0,30622773397.371246
,,,,2025-12-27 14:11:53,87389.0,29581367227.66333
,,,,2025-12-27 15:12:31,87475.0,24941855810.28698
,,,,2025-12-27 16:15:02,87482.0,19856717493.66336
,,,,2025-12-27 17:11:33,87434.0,18556940037.6635
,,,,2025-12-27 18:18:27,87471.0,17249399938.49988
,,,,2025-12-27 19:10:01,87503.0,17061056504.034704
,,,,2025-12-27 20:14:26,87536.0,16099500519.181532
,,,,2025-12-27 21:11:21,87542.0,15443748586.4357
,,,,2025-12-27 22:12:48,87614.0,15277321298.11262
,,,,2025-12-27 23:12:58,87564.0,15291135913.993477
,,,,2025-12-28 01:10:51,87840.0,15667478824.71428
,,,,2025-12-28 03:41:09,87712.0,15677069860.701136
,,,,2025-12-28 04:38:24,87688.0,15895481570.727688
,,,,2025-12-28 05:18:11,87637.0,15851207565.85032
,,,,2025-12-28 06:20:22,87640.0,15679540700.14396
,,,,2025-12-28 07:14:32,87645.0,15631671903.254587
,,,,2025-12-28 08:17:51,87733.0,15538300204.900011
,,,,2025-12-28 09:13:19,87792.0,15813824829.824364
,,,,2025-12-28 10:13:17,87894.0,15213855861.758425
,,,,2025-12-28 11:11:51,87862.0,15462919860.283545
,,,,2025-12-28 12:24:55,87786.0,15253118759.37995
,,,,2025-12-28 13:25:04,87812.0,15676578753.252722
,,,,2025-12-28 14:12:43,87924.0,15645074564.608334
,,,,2025-12-28 15:12:53,87910.0,15910543475.212769
,,,,2025-12-28 16:15:23,87795.0,15810832753.762877
,,,,2025-12-28 17:11:37,87794.0,15754238050.214418
,,,,2025-12-28 18:18:58,87534.0,16351101511.7627
,,,,2025-12-28 19:10:25,87533.0,16709230250.48695
,,,,2025-12-28 20:15:00,87449.0,16802894328.247911
,,,,2025-12-28 21:12:01,87465.0,17331290627.485863
,,,,2025-12-28 22:13:07,87510.0,17270587154.202625
,,,,2025-12-28 23:12:58,87682.0,17482751911.7971
,,,,2025-12-29 01:08:30,87990.0,18337916825.47341
,,,,2025-12-29 03:42:22,89810.0,24900638761.2587
,,,,2025-12-29 04:42:17,90229.0,27148335969.974026
,,,,2025-12-29 05:22:43,90039.0,29756810521.712105
,,,,2025-12-29 06:24:05,89994.0,30951924025.158382
,,,,2025-12-29 07:20:16,89523.0,32209105179.87001
,,,,2025-12-29 08:21:12,89621.0,33276557679.578667
,,,,2025-12-29 09:22:42,89369.0,36089519837.88597
,,,,2025-12-29 10:15:43,88007.0,39848555982.75765
,,,,2025-12-29 11:12:51,87642.0,40406153800.9357
,,,,2025-12-29 12:28:49,87161.0,43646428423.85231
,,,,2025-12-29 13:32:26,87242.0,44940757275.307686
,,,,2025-12-29 14:14:59,87213.0,45609188785.805626
,,,,2025-12-29 15:14:35,87473.0,48158130969.941376
,,,,2025-12-29 16:16:24,87688.0,50031924803.72155
,,,,2025-12-29 17:12:40,87517.0,50993991524.78265
,,,,2025-12-29 18:20:24,87720.0,51772751457.27522
,,,,2025-12-29 19:10:53,87447.0,52066040229.41918
,,,,2025-12-29 20:15:44,87319.0,52621757437.55257
,,,,2025-12-29 21:12:25,87223.0,53663056909.87917
,,,,2025-12-29 22:13:07,86991.0,51758049110.43638
,,,,2025-12-29 23:13:04,87284.0,53614400380.23223
,,,,2025-12-30 01:03:32,87102.0,52757876133.24432
,,,,2025-12-30 03:21:34,86900.0,48896189677.05316
,,,,2025-12-30 04:32:37,87337.0,45624827563.77107
,,,,2025-12-30 05:17:53,87248.0,44073998394.16649
,,,,2025-12-30 06:21:55,87248.0,43149923231.49581
,,,,2025-12-30 07:17:07,87405.0,41810377130.3059
,,,,2025-12-30 08:19:37,88008.0,42520028042.24945
,,,,2025-12-30 09:18:24,87641.0,41440063313.90927
,,,,2025-12-30 10:15:00,87899.0,38272234780.234245
,,,,2025-12-30 11:12:48,87871.0,38055735921.95647
,,,,2025-12-30 12:27:41,87902.0,36428673785.90459
,,,,2025-12-30 13:31:02,87987.0,35355286872.708664
,,,,2025-12-30 14:14:19,87915.0,35095662327.43793
,,,,2025-12-30 15:14:14,88300.0,36436205857.82883
,,,,2025-12-30 16:17:27,88904.0,37602473091.08938
,,,,2025-12-30 17:14:22,88774.0,39218847011.93638
,,,,2025-12-30 18:20:32,88251.0,39655386075.4105
,,,,2025-12-30 19:12:01,87945.0,40331259484.19883
,,,,2025-12-30 20:14:55,88068.0,39893003612.15391
,,,,2025-12-30 21:13:12,87967.0,40009877405.60979
,,,,2025-12-30 22:12:52,88281.0,39721497141.84887
,,,,2025-12-30 23:12:38,88377.0,39958496746.162926
,,,,2025-12-31 01:04:49,88183.0,39606260572.08086
,,,,2025-12-31 03:21:13,88542.0,39872653444.99441
,,,,2025-12-31 04:32:14,88330.0,39085273185.26333
,,,,2025-12-31 05:23:08,88268.0,39177413691.3444
,,,,2025-12-31 06:22:11,88397.0,39255294762.0301
,,,,2025-12-31 07:18:06,88378.0,39476699383.71888
,,,,2025-12-31 08:19:34,88536.0,38617268349.44597
,,,,2025-12-31 09:17:31,88467.0,37858588965.27236
,,,,2025-12-31 10:14:29,88689.0,37032514650.809296
,,,,2025-12-31 11:13:00,88808.0,37784009246.51171
,,,,2025-12-31 12:26:46,88843.0,37448730820.04735
,,,,2025-12-31 13:27:56,88750.0,37944556889.15972
,,,,2025-12-31 14:13:26,88987.0,38161954561.481735
,,,,2025-12-31 15:14:07,87965.0,37581185451.86785
,,,,2025-12-31 16:16:46,87822.0,36703769522.53431
,,,,2025-12-31 17:11:50,87422.0,36555634252.04115
,,,,2025-12-31 18:19:25,87792.0,36097581704.220406
,,,,2025-12-31 19:10:40,87675.0,36162336591.42414
,,,,2025-12-31 20:14:36,87330.0,36797873386.09373
,,,,2025-12-31 21:12:33,87580.0,36877872218.43744
,,,,2025-12-31 22:13:47,87666.0,37311401693.68913
,,,,2025-12-31 23:13:12,87557.0,36909067427.6974
,,,,2026-01-01 01:10:58,87792.0,37536967473.38551
,,,,2026-01-01 03:44:07,87812.0,36075049964.83944
,,,,2026-01-01 04:41:44,87466.0,36616579518.14888
,,,,2026-01-01 05:21:16,87572.0,36127541258.91024
,,,,2026-01-01 06:22:07,87509.0,35581467061.40391
,,,,2026-01-01 07:17:08,87520.0,35564142344.675446
,,,,2026-01-01 08:19:29,87597.0,35532929921.035194
,,,,2026-01-01 09:17:36,87708.0,35664914182.79196
,,,,2026-01-01 10:15:02,87734.0,34269360914.5711
,,,,2026-01-01 11:12:11,87753.0,33279904286.63432
,,,,2026-01-01 12:27:02,87846.0,33138869468.23928
,,,,2026-01-01 13:28:37,87846.0,32018268055.79182
,,,,2026-01-01 14:13:07,87812.0,31277485479.334152
,,,,2026-01-01 15:14:26,87843.0,28800808958.29146
,,,,2026-01-01 16:17:03,87835.0,26460083425.144028
,,,,2026-01-01 17:13:32,87918.0,23977753642.523365
,,,,2026-01-01 18:19:46,88035.0,23921255395.903988
,,,,2026-01-01 19:11:51,88009.0,23328264081.41143
,,,,2026-01-01 20:15:24,88215.0,22109523721.90024
,,,,2026-01-01 21:12:53,88217.0,20811532516.814217
,,,,2026-01-01 22:13:07,88428.0,20467540343.52677
,,,,2026-01-01 23:13:13,88479.0,21129447318.23001
,,,,2026-01-02 01:04:37,88687.0,22090816013.50169
,,,,2026-01-02 03:24:19,88735.0,22593583946.5167
,,,,2026-01-02 04:34:01,88684.0,23279638757.643253
,,,,2026-01-02 05:19:03,88615.0,23279581140.543102
,,,,2026-01-02 06:22:17,88724.0,23384957831.211803
,,,,2026-01-02 07:18:34,88916.0,23900443787.115665
,,,,2026-01-02 08:19:30,88917.0,23149889916.773567
,,,,2026-01-02 09:17:38,89108.0,25413683808.651974
,,,,2026-01-02 10:14:15,89609.0,27521852263.297268
,,,,2026-01-02 11:12:30,89440.0,29011806043.772064
,,,,2026-01-02 12:26:22,89396.0,28789329682.798283
,,,,2026-01-02 13:28:06,89501.0,31176002215.884785
,,,,2026-01-02 14:13:46,89171.0,31387237269.101223
,,,,2026-01-02 15:14:03,89139.0,36007239500.98512
,,,,2026-01-02 16:16:04,89634.0,40157413616.316
,,,,2026-01-02 17:12:21,90528.0,45310990658.65197
,,,,2026-01-02 18:19:31,90349.0,47186416258.8957
,,,,2026-01-02 19:09:06,89762.0,48572313808.8161
,,,,2026-01-02 20:14:31,89869.0,50011564845.97333
,,,,2026-01-02 21:10:40,89761.0,50884149100.93708
,,,,2026-01-02 22:13:20,90113.0,51686108384.5006
,,,,2026-01-02 23:12:45,90081.0,51700069892.63751
,,,,2026-01-03 01:00:48,90109.0,50415978742.62151
,,,,2026-01-03 03:16:09,90187.0,50206523243.90551
,,,,2026-01-03 04:26:16,90242.0,49081457978.47131
,,,,2026-01-03 05:14:51,90108.0,49274401129.19418
,,,,2026-01-03 06:20:38,90036.0,49241777091.62425
,,,,2026-01-03 07:13:26,89865.0,49759938168.78425
,,,,2026-01-03 08:17:45,89499.0,49837724910.1368
,,,,2026-01-03 09:13:31,89669.0,49654079588.40035
,,,,2026-01-03 10:13:27,89736.0,48111533890.508446
,,,,2026-01-03 11:10:56,89680.0,46514443703.10452
,,,,2026-01-03 12:24:28,89667.0,45386315704.264
,,,,2026-01-03 13:24:13,89940.0,44869075029.59966
,,,,2026-01-03 14:12:02,89965.0,44279627533.26468
,,,,2026-01-03 15:12:41,89961.0,39478558357.53634
,,,,2026-01-03 16:15:13,89964.0,35557387062.010155
,,,,2026-01-03 17:11:34,89998.0,30997532847.69493
,,,,2026-01-03 18:18:31,90004.0,27640317116.15223
,,,,2026-01-03 19:10:19,90041.0,26219380360.294445
,,,,2026-01-03 20:14:21,90015.0,24327518497.774506
,,,,2026-01-03 21:11:48,90301.0,23232072209.86141
,,,,2026-01-03 22:12:46,90468.0,23255297079.471462
,,,,2026-01-03 23:13:05,90451.0,23550242910.10784
,,,,2026-01-04 01:11:33,91347.0,26322101537.09573
,,,,2026-01-04 03:44:21,91189.0,26766843498.60057
,,,,2026-01-04 04:42:30,91455.0,27115387474.38172
,,,,2026-01-04 05:19:58,91366.0,26744086690.53062
,,,,2026-01-04 06:20:38,91610.0,27330806091.59868
,,,,2026-01-04 07:15:40,91296.0,27586452854.016342
,,,,2026-01-04 08:18:14,91303.0,26893416766.22349
,,,,2026-01-04 09:13:05,91247.0,27252269643.569817
,,,,2026-01-04 10:13:16,91482.0,27373406468.86065
,,,,2026-01-04 11:11:10,91373.0,29170735996.06221
,,,,2026-01-04 12:25:01,91199.0,29353332191.53757
,,,,2026-01-04 13:25:13,91085.0,29759006315.6092
,,,,2026-01-04 14:11:54,91303.0,30131857804.44342
,,,,2026-01-04 15:12:27,91287.0,29952365665.81128
,,,,2026-01-04 16:15:06,91244.0,30363223796.705368
,,,,2026-01-04 17:11:42,91324.0,29965542141.89355
,,,,2026-01-04 18:18:53,91200.0,30816988011.427063
,,,,2026-01-04 19:10:07,90920.0,31520272361.911247
,,,,2026-01-04 20:15:03,91231.0,31764927067.98584
,,,,2026-01-04 21:12:05,91345.0,32044215293.412712
,,,,2026-01-04 22:13:05,91303.0,31148105040.80092
,,,,2026-01-04 23:13:01,91405.0,31059359964.26609
,,,,2026-01-05 01:10:16,92702.0,33185584328.570946
,,,,2026-01-05 03:48:19,92897.0,37349943963.45019
,,,,2026-01-05 04:51:26,92421.0,37814485782.72766
,,,,2026-01-05 05:30:39,92657.0,38148522744.685936
,,,,2026-01-05 06:27:47,92320.0,38039542683.59016
,,,,2026-01-05 07:22:25,92565.0,37984900852.82019
,,,,2026-01-05 08:22:15,92586.0,37649582464.12075
,,,,2026-01-05 09:24:27,92475.0,37864042620.84114
,,,,2026-01-05 10:17:19,92852.0,37087660050.74601
,,,,2026-01-05 11:13:24,92938.0,37537428179.06536
,,,,2026-01-05 12:29:49,92918.0,38199549016.04753
,,,,2026-01-05 13:35:46,92676.0,38102910888.78943
,,,,2026-01-05 14:17:51,92724.0,38910891084.51927
,,,,2026-01-05 15:16:19,93380.0,42732755935.07432
,,,,2026-01-05 16:19:35,93849.0,47277328827.29126
,,,,2026-01-05 17:16:50,93616.0,49291384379.04139
,,,,2026-01-05 18:21:41,93975.0,52746871261.40218
,,,,2026-01-05 19:15:10,94333.0,53760721370.89559
,,,,2026-01-05 20:16:54,94382.0,55828268683.03967
,,,,2026-01-05 21:13:49,94084.0,58045019156.13283
,,,,2026-01-05 22:13:50,94179.0,59152172740.36931
,,,,2026-01-05 23:13:17,94058.0,59015574212.429535
,,,,2026-01-06 01:04:34,93874.0,56472105391.76017
,,,,2026-01-06 03:22:58,93773.0,51542880807.05307
,,,,2026-01-06 04:32:51,93843.0,50739689121.5556
,,,,2026-01-06 05:18:34,93705.0,50397592730.94958
,,,,2026-01-06 06:22:19,93664.0,51519755643.33831
,,,,2026-01-06 07:19:56,93540.0,51346220746.977295
,,,,2026-01-06 08:20:19,93348.0,51703471531.33119
,,,,2026-01-06 09:19:25,93434.0,51787804021.77203
,,,,2026-01-06 10:15:23,93556.0,51062258733.33196
,,,,2026-01-06 11:12:47,93715.0,50915361136.11659
,,,,2026-01-06 12:28:27,93846.0,50496879069.82584
,,,,2026-01-06 13:32:13,93697.0,49880646897.2102
,,,,2026-01-06 14:15:50,94105.0,49217800813.44615
,,,,2026-01-06 15:14:42,93747.0,50601188447.218124
,,,,2026-01-06 16:18:36,93427.0,49855241235.74032
,,,,2026-01-06 17:17:27,92558.0,52676785614.6173
,,,,2026-01-06 18:20:04,91841.0,54282659028.9761
,,,,2026-01-06 19:11:09,92055.0,55124743148.51788
,,,,2026-01-06 20:15:17,92322.0,54425604049.52335
,,,,2026-01-06 21:13:59,92617.0,54717470445.61941
,,,,2026-01-06 22:14:05,93223.0,57584357767.72724
,,,,2026-01-06 23:13:40,93457.0,57248092519.65036
,,,,2026-01-07 01:05:10,92767.0,58331736374.41174
,,,,2026-01-07 03:23:10,93015.0,60732558013.242
,,,,2026-01-07 04:33:52,92719.0,60958513598.63556
,,,,2026-01-07 05:19:23,92721.0,61386488048.051445
,,,,2026-01-07 06:22:14,92650.0,60640665890.37584
,,,,2026-01-07 07:19:47,92691.0,60275637566.95865
,,,,2026-01-07 08:20:04,92845.0,58926704802.42244
,,,,2026-01-07 09:21:19,92063.0,59429393692.82762
,,,,2026-01-07 10:16:15,91755.0,60011041820.89794
,,,,2026-01-07 11:14:07,92029.0,61574979587.00574
,,,,2026-01-07 12:28:58,91992.0,61587516115.65577
,,,,2026-01-07 13:34:07,92107.0,62322352402.61464
,,,,2026-01-07 14:17:18,91654.0,60832869327.35054
,,,,2026-01-07 15:17:03,91597.0,58985857311.49457
,,,,2026-01-07 16:20:17,91530.0,59589664695.73821
,,,,2026-01-07 17:19:58,91324.0,56433666921.59105
,,,,2026-01-07 18:21:21,91155.0,52021388042.29
,,,,2026-01-07 19:15:07,90711.0,52041797169.4014
,,,,2026-01-07 20:16:21,90900.0,51970543464.434906
,,,,2026-01-07 21:13:46,91041.0,51073082193.88507
,,,,2026-01-07 22:13:47,90941.0,47884118040.47326
,,,,2026-01-07 23:13:41,91041.0,47475004166.18019
,,,,2026-01-08 01:04:48,91234.0,46012059177.18248
,,,,2026-01-08 03:23:49,90938.0,43533245494.08243
,,,,2026-01-08 04:32:45,90983.0,44123488464.85772
,,,,2026-01-08 05:18:26,90986.0,43302378468.02067
,,,,2026-01-08 06:22:34,90326.0,44884921086.09583
,,,,2026-01-08 07:18:58,89955.0,46934934487.95386
,,,,2026-01-08 08:20:00,90534.0,48210444707.19989
,,,,2026-01-08 09:21:22,90153.0,48609598583.720566
,,,,2026-01-08 10:16:50,89830.0,46564519145.92845
,,,,2026-01-08 11:14:29,90224.0,46893449634.190704
,,,,2026-01-08 12:29:20,89869.0,48606244339.69969
,,,,2026-01-08 13:35:44,89833.0,48682345773.92956
,,,,2026-01-08 14:18:35,89734.0,47468781035.6661
,,,,2026-01-08 15:17:50,90286.0,48254350909.02284
,,,,2026-01-08 16:19:18,90512.0,48566413562.277405
,,,,2026-01-08 17:21:15,90995.0,49003610671.11493
,,,,2026-01-08 18:18:29,91077.0,49824093492.80975
,,,,2026-01-08 19:14:12,91177.0,49172955424.42728
,,,,2026-01-08 20:16:35,90585.0,48760759649.99698
,,,,2026-01-08 21:13:59,90987.0,48592642794.5333
,,,,2026-01-08 22:14:29,91194.0,48377015493.28612
,,,,2026-01-08 23:12:36,91224.0,49238935194.34897
,,,,2026-01-09 01:05:35,91218.0,47721689107.32861
,,,,2026-01-09 03:24:23,91081.0,47716909708.59039
,,,,2026-01-09 04:33:30,90994.0,44833381935.3859
,,,,2026-01-09 05:19:08,90939.0,46612009697.62991
,,,,2026-01-09 06:22:15,90945.0,45594893926.168045
,,,,2026-01-09 07:20:04,90945.0,43115790949.00839
,,,,2026-01-09 08:20:07,90620.0,42929544818.18773
,,,,2026-01-09 09:20:30,90002.0,43795098713.85364
,,,,2026-01-09 10:15:26,90356.0,43386852899.282936
,,,,2026-01-09 11:13:13,90380.0,42726120462.578415
,,,,2026-01-09 12:28:26,90173.0,42181907690.110565
,,,,2026-01-09 13:32:56,90467.0,42964374946.625046
,,,,2026-01-09 14:17:26,90285.0,41851401054.31978
,,,,2026-01-09 15:15:35,90139.0,41673777603.50448
,,,,2026-01-09 16:17:39,91562.0,44576281073.90381
,,,,2026-01-09 17:17:09,91209.0,45139635113.951065
,,,,2026-01-09 18:21:03,90943.0,44209087908.030975
,,,,2026-01-09 19:14:58,90463.0,44444821110.09566
,,,,2026-01-09 20:16:30,90317.0,44860401841.35637
,,,,2026-01-09 21:14:04,90235.0,44981711110.907104
,,,,2026-01-09 22:13:53,90400.0,43651387689.66598
,,,,2026-01-09 23:13:32,90564.0,43491263159.0328
,,,,2026-01-10 01:03:12,90481.0,42693397458.99163
,,,,2026-01-10 03:18:14,90473.0,40793915469.71549
,,,,2026-01-10 04:27:57,90414.0,40519560383.900055
,,,,2026-01-10 05:15:08,90398.0,40716225045.004616
,,,,2026-01-10 06:19:52,90414.0,39843461422.3216
,,,,2026-01-10 07:13:23,90460.0,39510116541.12542
,,,,2026-01-10 08:17:08,90591.0,38648416758.2821
,,,,2026-01-10 09:13:32,90520.0,36269140262.90119
,,,,2026-01-10 10:13:16,90623.0,35319518376.91404
,,,,2026-01-10 11:11:30,90644.0,35395113161.01254
,,,,2026-01-10 12:24:25,90645.0,33084435477.61877
,,,,2026-01-10 13:24:27,90612.0,32212785965.43364
,,,,2026-01-10 14:12:40,90510.0,30858077003.454742
,,,,2026-01-10 15:12:41,90512.0,28133250648.523952
,,,,2026-01-10 16:15:11,90573.0,22607133600.41899
,,,,2026-01-10 17:11:30,90582.0,20264887357.795063
,,,,2026-01-10 18:18:58,90428.0,18968064891.75424
,,,,2026-01-10 19:10:04,90477.0,17434922008.37444
,,,,2026-01-10 20:14:42,90526.0,15722572637.749975
,,,,2026-01-10 21:11:39,90389.0,14956393005.34609
,,,,2026-01-10 22:13:00,90300.0,14628318405.295153
,,,,2026-01-10 23:12:53,90405.0,14077196603.684685
,,,,2026-01-11 01:11:22,90532.0,13746291867.131975
,,,,2026-01-11 03:43:25,90587.0,13468417580.064882
,,,,2026-01-11 04:41:25,90645.0,13542696337.897772
,,,,2026-01-11 05:19:16,90663.0,13511270480.11336
,,,,2026-01-11 06:20:54,90595.0,13738001570.478336
,,,,2026-01-11 07:15:18,90570.0,13745494909.033108
,,,,2026-01-11 08:17:28,90573.0,13621178147.18394
,,,,2026-01-11 09:13:58,90683.0,13602632512.438854
,,,,2026-01-11 10:13:52,90599.0,13922012218.344734
,,,,2026-01-11 11:11:12,90587.0,13805487187.5926
,,,,2026-01-11 12:25:47,90700.0,13918619676.172367
,,,,2026-01-11 13:25:29,90799.0,14273393821.5608
,,,,2026-01-11 14:12:29,90815.0,14314411493.656172
,,,,2026-01-11 15:12:54,90938.0,15030957690.954752
,,,,2026-01-11 16:15:43,90784.0,15748187411.372343
,,,,2026-01-11 17:11:16,90991.0,16476449651.580963
,,,,2026-01-11 18:18:45,90779.0,16844720999.608145
,,,,2026-01-11 19:10:10,90728.0,16789483752.591429
,,,,2026-01-11 20:14:41,90432.0,16910237975.468082
,,,,2026-01-11 21:12:02,90494.0,17850468921.57716
,,,,2026-01-11 22:12:48,90365.0,18036068552.91194
,,,,2026-01-11 23:12:59,90376.0,19080512410.84626
,,,,2026-01-12 01:08:20,91537.0,22057083222.88934
,,,,2026-01-12 03:42:19,91954.0,28067127561.952374
,,,,2026-01-12 04:43:12,92067.0,28591068283.58574
,,,,2026-01-12 05:23:41,92105.0,29778124946.58907
,,,,2026-01-12 06:25:21,91915.0,29811058580.44917
,,,,2026-01-12 07:21:15,91668.0,30510979842.09968
,,,,2026-01-12 08:21:21,91425.0,31876543982.112545
,,,,2026-01-12 09:24:50,90763.0,33384807132.97614
,,,,2026-01-12 10:18:03,90542.0,34066642421.426712
,,,,2026-01-12 11:14:07,90465.0,35296966448.60025
,,,,2026-01-12 12:30:08,90684.0,36149342236.355705
,,,,2026-01-12 13:36:56,90643.0,36356001923.38879
,,,,2026-01-12 14:18:26,90507.0,36588089300.04472
,,,,2026-01-12 15:17:59,90824.0,38913476089.79039
,,,,2026-01-12 16:19:09,91709.0,41804891659.54945
,,,,2026-01-12 17:17:49,91893.0,44072382738.99181
,,,,2026-01-12 18:21:16,91710.0,46407992833.11756
,,,,2026-01-12 19:15:31,91590.0,47358115042.76347
,,,,2026-01-12 20:16:05,91802.0,47708267238.88891
,,,,2026-01-12 21:13:51,91359.0,47890430480.89372
,,,,2026-01-12 22:13:08,91266.0,48098318214.09407
,,,,2026-01-12 23:11:41,91035.0,48048547801.96738
,,,,2026-01-13 01:01:29,91373.0,46344331389.95959
,,,,2026-01-13 03:22:10,91186.0,42154402420.547935
,,,,2026-01-13 04:33:14,91334.0,40874117560.52721
,,,,2026-01-13 05:19:31,91632.0,41231852479.46058
,,,,2026-01-13 06:22:17,91838.0,41748487247.00259
,,,,2026-01-13 07:19:31,91836.0,45309567219.619705
,,,,2026-01-13 08:20:23,91912.0,44961160305.68331
,,,,2026-01-13 09:21:21,92306.0,44243609276.09528
,,,,2026-01-13 10:16:01,92166.0,45392678810.78927
,,,,2026-01-13 11:13:50,92132.0,45504582144.09248
,,,,2026-01-13 12:29:38,91989.0,45093421765.494965
,,,,2026-01-13 13:35:47,92209.0,46564365311.21192
,,,,2026-01-13 14:18:31,91933.0,48020439389.31843
,,,,2026-01-13 15:17:14,92450.0,45682797752.479935
,,,,2026-01-13 16:21:19,93214.0,49909536551.21072
,,,,2026-01-13 17:20:36,93191.0,49690261260.39414
,,,,2026-01-13 18:22:19,93607.0,49144358851.12711
,,,,2026-01-13 19:15:12,93514.0,50463306543.855576
,,,,2026-01-13 20:16:11,94333.0,52802645411.02335
,,,,2026-01-13 21:14:18,94362.0,56204786884.180336
,,,,2026-01-13 22:14:38,95387.0,60630679885.74949
,,,,2026-01-13 23:13:47,95652.0,65018102643.17327
,,,,2026-01-14 01:07:25,95257.0,68234403579.88876
,,,,2026-01-14 03:30:22,95314.0,70087556981.93765
,,,,2026-01-14 04:40:54,95308.0,68773657912.8097
,,,,2026-01-14 05:17:57,95165.0,68451256889.99103
,,,,2026-01-14 06:22:24,94724.0,67910037008.56764
,,,,2026-01-14 07:20:13,95055.0,68750886428.1533
,,,,2026-01-14 08:20:01,95211.0,69147181717.58154
,,,,2026-01-14 09:21:47,95083.0,68468945715.97184
,,,,2026-01-14 10:16:52,95141.0,66980544311.02105
,,,,2026-01-14 11:14:52,94883.0,68221944502.91936
,,,,2026-01-14 12:29:10,95030.0,67410888289.01576
,,,,2026-01-14 13:35:40,95049.0,67848536273.28677
,,,,2026-01-14 14:18:41,95564.0,66789618575.88642
,,,,2026-01-14 15:18:10,96898.0,66061803867.087234
,,,,2026-01-14 16:20:09,97228.0,69006275427.15489
,,,,2026-01-14 17:21:56,97615.0,74915269006.40271
,,,,2026-01-14 18:22:34,96871.0,76819095908.4902
,,,,2026-01-14 19:13:44,96890.0,77760245954.1737
,,,,2026-01-14 20:13:29,97759.0,77575451168.5013
,,,,2026-01-14 21:14:20,97487.0,76350339694.26949
,,,,2026-01-14 22:15:05,97337.0,72733938627.81606
,,,,2026-01-14 23:12:31,97198.0,69951429132.38261
,,,,2026-01-15 01:03:05,96731.0,67986132297.81831
,,,,2026-01-15 03:24:46,96173.0,67402984314.81191
,,,,2026-01-15 04:33:58,96218.0,68141489442.32539
,,,,2026-01-15 05:20:08,96318.0,67892191848.55915
,,,,2026-01-15 06:22:00,96520.0,67226973347.04195
,,,,2026-01-15 07:19:51,96315.0,66648504446.17241
,,,,2026-01-15 08:21:06,96413.0,65968399696.993614
,,,,2026-01-15 09:21:06,96587.0,66975120056.911
,,,,2026-01-15 10:15:45,96835.0,67572504426.83504
,,,,2026-01-15 11:13:43,96708.0,67170907268.448296
,,,,2026-01-15 12:28:38,96608.0,67173222564.502846
,,,,2026-01-15 13:34:35,96707.0,67699919846.45828
,,,,2026-01-15 14:18:10,97048.0,67206672754.43324
,,,,2026-01-15 15:17:28,96181.0,64779017311.91438
,,,,2026-01-15 16:25:04,96465.0,63729634391.850006
,,,,2026-01-15 17:26:02,96563.0,62193545639.37119
,,,,2026-01-15 18:26:24,96078.0,61920269592.9554
,,,,2026-01-15 19:18:42,95740.0,63434609769.85984
,,,,2026-01-15 20:16:21,95515.0,62268767114.94303
,,,,2026-01-15 21:14:37,95304.0,61454999230.23698
,,,,2026-01-15 22:14:51,95522.0,61185270668.4688
,,,,2026-01-15 23:13:38,95471.0,59579660512.25335
,,,,2026-01-16 01:05:47,95578.0,57904684565.31923
,,,,2026-01-16 03:24:03,95474.0,56417249974.91136
,,,,2026-01-16 04:33:13,95360.0,55005296871.09836
,,,,2026-01-16 05:19:21,95378.0,52040623324.88485
,,,,2026-01-16 06:22:28,95533.0,56280435094.98172
,,,,2026-01-16 07:19:13,95641.0,55809674527.07255
,,,,2026-01-16 08:19:34,95669.0,54490410730.81476
,,,,2026-01-16 09:19:16,95585.0,53916667252.9062
,,,,2026-01-16 10:15:34,95526.0,52674908508.93263
,,,,2026-01-16 11:13:30,95332.0,53350532816.900665
,,,,2026-01-16 12:28:01,95501.0,52316933648.84032
,,,,2026-01-16 13:32:50,95503.0,52090040869.62476
,,,,2026-01-16 14:16:42,95402.0,50949158507.28008
,,,,2026-01-16 15:16:19,95532.0,48463678867.6207
,,,,2026-01-16 16:18:55,94678.0,47753553303.37589
,,,,2026-01-16 17:18:31,94783.0,45813798382.965256
,,,,2026-01-16 18:21:21,95095.0,42128723266.02455
,,,,2026-01-16 19:14:54,94946.0,39272943632.23879
,,,,2026-01-16 20:14:55,94708.0,37227064332.7288
,,,,2026-01-16 21:13:42,95476.0,37862472675.06135
,,,,2026-01-16 22:14:05,95333.0,37883264801.40247
,,,,2026-01-16 23:13:04,95404.0,37279121466.96941
,,,,2026-01-17 01:02:43,95435.0,36496530086.87714
,,,,2026-01-17 03:16:52,95272.0,35274576109.83896
,,,,2026-01-17 04:26:08,95233.0,34477119397.318184
,,,,2026-01-17 05:14:23,95304.0,33586573811.287827
,,,,2026-01-17 06:20:10,95173.0,31874511395.478367
,,,,2026-01-17 07:13:33,95091.0,31431413268.13636
,,,,2026-01-17 08:16:53,95133.0,30415739285.16774
,,,,2026-01-17 09:13:24,95195.0,29979078402.006275
,,,,2026-01-17 10:13:51,95195.0,29562739746.590256
,,,,2026-01-17 11:11:22,95042.0,28693298702.16881
,,,,2026-01-17 12:24:11,95252.0,28126558954.89761
,,,,2026-01-17 13:23:53,95299.0,28148798412.50553
,,,,2026-01-17 14:12:26,95347.0,27392601855.42278
,,,,2026-01-17 15:12:48,95498.0,26048500625.52348
,,,,2026-01-17 16:14:35,95452.0,23162837431.021133
,,,,2026-01-17 17:11:20,95291.0,22425669932.821804
,,,,2026-01-17 18:18:30,95401.0,21115664374.029324
,,,,2026-01-17 19:09:48,95354.0,20334980969.006416
,,,,2026-01-17 20:14:17,95256.0,19653857153.252563
,,,,2026-01-17 21:11:23,95339.0,18484286247.56215
,,,,2026-01-17 22:12:49,95250.0,17984200260.30762
,,,,2026-01-17 23:12:46,95163.0,17832208182.826668
,,,,2026-01-18 01:10:21,94935.0,18202426573.23768
,,,,2026-01-18 03:29:52,95038.0,18403013106.018528
,,,,2026-01-18 04:35:47,95041.0,18519879632.25547
,,,,2026-01-18 05:17:56,95034.0,18385549693.25354
,,,,2026-01-18 06:20:49,95118.0,18495279164.128067
,,,,2026-01-18 07:14:30,95051.0,18726786681.902195
,,,,2026-01-18 08:17:36,95003.0,18582086180.927044
,,,,2026-01-18 09:14:04,95126.0,18477880327.19267
,,,,2026-01-18 10:14:02,95087.0,18952617138.87174
,,,,2026-01-18 11:10:56,95069.0,19342932212.39285
,,,,2026-01-18 12:25:01,95059.0,19050878444.098763
,,,,2026-01-18 13:23:52,94912.0,19245949489.9044
,,,,2026-01-18 14:12:01,95103.0,19341520463.748505
,,,,2026-01-18 15:12:29,94953.0,19728004661.997417
,,,,2026-01-18 16:15:36,95110.0,18779026057.59137
,,,,2026-01-18 17:11:19,95161.0,18193623708.36542
,,,,2026-01-18 18:18:04,95169.0,18197065313.07661
,,,,2026-01-18 19:09:53,95413.0,19073325534.305054
,,,,2026-01-18 20:14:35,95274.0,19355938647.435505
,,,,2026-01-18 21:12:08,95265.0,19599531164.18777
,,,,2026-01-18 22:12:45,95416.0,19463845980.326885
,,,,2026-01-18 23:13:00,94963.0,20106503362.93216
,,,,2026-01-19 01:09:33,92655.0,31914092918.238907
,,,,2026-01-19 03:43:17,92541.0,35067541876.87548
,,,,2026-01-19 04:44:28,92636.0,36275779653.40221
,,,,2026-01-19 05:25:26,92568.0,36817563498.86363
,,,,2026-01-19 06:27:02,92463.0,37321358110.25635
,,,,2026-01-19 07:23:05,92578.0,37532275708.59268
,,,,2026-01-19 08:22:13,92936.0,39477095094.10904
,,,,2026-01-19 09:26:59,93001.0,40100903583.60543
,,,,2026-01-19 10:20:20,92958.0,41180794235.793175
,,,,2026-01-19 11:15:48,92942.0,41299219689.96753
,,,,2026-01-19 12:31:24,92966.0,42213511792.32719
,,,,2026-01-19 13:39:39,92975.0,43278476270.068825
,,,,2026-01-19 14:19:56,92818.0,41596537578.55646
,,,,2026-01-19 15:18:55,92948.0,42962233835.01009
,,,,2026-01-19 16:19:23,93000.0,44007273435.879166
,,,,2026-01-19 17:17:41,93299.0,42680686211.80357
,,,,2026-01-19 18:21:00,93046.0,44497591355.746254
,,,,2026-01-19 19:14:29,92983.0,44637335505.76332
,,,,2026-01-19 20:15:26,93113.0,44470389013.32616
,,,,2026-01-19 21:13:01,93163.0,44964583526.156845
,,,,2026-01-19 22:14:10,92825.0,45477601073.26946
,,,,2026-01-19 23:13:47,92404.0,45518865562.03996
,,,,2026-01-20 01:04:30,92570.0,35420298243.315895
,,,,2026-01-20 03:27:20,92360.0,33208595671.28825
,,,,2026-01-20 04:38:08,92257.0,33278292498.69464
,,,,2026-01-20 05:22:50,91543.0,34721762618.13773
,,,,2026-01-20 06:24:25,91040.0,36297285982.81211
,,,,2026-01-20 07:21:42,90903.0,38977531694.446106
,,,,2026-01-20 08:21:22,90961.0,39406455573.85194
,,,,2026-01-20 09:26:15,90876.0,39042805700.23961
,,,,2026-01-20 10:19:34,91069.0,39419311181.00912
,,,,2026-01-20 11:17:34,91269.0,39629100573.338745
,,,,2026-01-20 12:31:30,91066.0,39853218333.93138
,,,,2026-01-20 13:40:23,90882.0,40167973777.00547
,,,,2026-01-20 14:23:09,90844.0,41073588868.04577
,,,,2026-01-20 15:22:29,90073.0,45680967712.67826
,,,,2026-01-20 16:24:48,90674.0,47961139834.12389
,,,,2026-01-20 17:23:00,90237.0,49280115120.091705
,,,,2026-01-20 18:24:21,89623.0,51824708890.73678
,,,,2026-01-20 20:06:25,89470.0,54841607914.65668
,,,,2026-01-20 21:14:31,89697.0,56764589588.162285
,,,,2026-01-20 22:15:04,89486.0,57260891946.26335
,,,,2026-01-20 23:14:34,88093.0,59556646891.01855
,,,,2026-01-21 01:06:47,88882.0,62154727951.49885
,,,,2026-01-21 03:27:16,89134.0,63030840740.36134
,,,,2026-01-21 04:37:44,89315.0,63512874111.06162
,,,,2026-01-21 05:22:52,89487.0,62342599977.937
,,,,2026-01-21 06:25:11,89770.0,60768064454.71496
,,,,2026-01-21 08:22:03,89252.0,59268905304.80685
,,,,2026-01-21 09:25:26,89299.0,58199049997.75739
,,,,2026-01-21 10:19:17,89222.0,57284469035.43253
,,,,2026-01-21 11:17:28,89193.0,57135432451.94781
,,,,2026-01-21 12:31:22,88251.0,58992849368.56626
,,,,2026-01-21 13:39:10,88748.0,60069343157.79518
,,,,2026-01-21 14:22:25,89376.0,59444685285.16094
,,,,2026-01-21 15:23:01,90144.0,60031429283.255295
,,,,2026-01-21 16:29:48,89490.0,59697921666.91723
,,,,2026-01-21 17:47:06,87849.0,63184010925.42888
,,,,2026-01-21 18:32:31,87931.0,63183200074.14618
,,,,2026-01-21 19:20:37,88347.0,63072714891.06921
,,,,2026-01-21 20:22:39,89549.0,66246614037.45232
,,,,2026-01-21 21:21:23,90229.0,67100761063.37035
,,,,2026-01-21 22:17:00,90157.0,67123044592.90809
,,,,2026-01-21 23:18:12,90052.0,61338246635.49655
,,,,2026-01-22 01:06:45,89901.0,60881408310.269325
,,,,2026-01-22 03:41:09,89722.0,58639555061.19953
,,,,2026-01-22 04:41:22,89832.0,58900801352.46657
,,,,2026-01-22 05:22:00,89931.0,59007948573.46084
,,,,2026-01-22 06:23:01,89963.0,57798483337.91653
,,,,2026-01-22 07:21:23,89902.0,58000563566.78574
,,,,2026-01-22 08:21:14,89820.0,56331217177.61109
,,,,2026-01-22 09:25:42,89923.0,55629827342.27242
,,,,2026-01-22 10:19:27,89960.0,56988990883.37431
,,,,2026-01-22 11:17:16,89870.0,56602509748.77566
,,,,2026-01-22 12:31:07,89933.0,54086172605.56439
,,,,2026-01-22 13:40:16,89770.0,53221449101.68654
,,,,2026-01-22 14:23:01,89489.0,52515953659.98312
,,,,2026-01-22 15:22:10,89090.0,51319397754.07752
,,,,2026-01-22 16:24:01,88971.0,52391860830.1769
,,,,2026-01-22 17:22:31,89272.0,48431149646.16046
,,,,2026-01-22 18:20:44,89564.0,44746505608.52338
,,,,2026-01-22 19:19:01,89282.0,45805168676.18072
,,,,2026-01-22 20:17:37,89818.0,41811483309.24189
,,,,2026-01-22 21:15:15,89456.0,40912020865.06052
,,,,2026-01-22 22:15:30,89333.0,41032203643.73775
,,,,2026-01-22 23:14:07,89173.0,40279045241.55608
,,,,2026-01-23 01:06:37,89538.0,38865671697.7963
,,,,2026-01-23 03:26:47,89779.0,37924295009.51288
,,,,2026-01-23 04:35:53,89876.0,38272604293.27096
,,,,2026-01-23 05:21:40,89718.0,37867188997.996025
,,,,2026-01-23 06:22:27,89633.0,37858021220.53186
,,,,2026-01-23 07:19:43,89455.0,38578604472.25774
,,,,2026-01-23 08:20:02,89428.0,39053195412.72567
,,,,2026-01-23 09:22:18,88997.0,40305560368.29884
,,,,2026-01-23 10:17:16,88909.0,39819905440.75032
,,,,2026-01-23 11:14:21,89078.0,39922808322.854645
,,,,2026-01-23 12:30:03,89044.0,39251506226.20774
,,,,2026-01-23 13:37:19,89167.0,39203955196.02477
,,,,2026-01-23 14:18:22,89335.0,38260162205.940094
,,,,2026-01-23 15:17:47,88625.0,38776971410.59092
,,,,2026-01-23 16:20:20,89611.0,37713125199.74345
,,,,2026-01-23 17:20:34,90232.0,38823099660.19796
,,,,2026-01-23 18:21:43,90749.0,41209289969.10323
,,,,2026-01-23 19:19:08,89937.0,41741927947.37754
,,,,2026-01-23 20:17:02,89992.0,42483599405.18825
,,,,2026-01-23 21:13:52,89521.0,43665930104.12689
,,,,2026-01-23 22:11:56,89468.0,43384044696.72376
,,,,2026-01-23 23:14:30,89448.0,43289285826.20104
,,,,2026-01-24 01:03:36,89337.0,42590796587.36823
,,,,2026-01-24 03:20:50,89709.0,42131337526.88671
,,,,2026-01-24 04:29:24,89594.0,41605079382.31136
,,,,2026-01-24 05:15:44,89705.0,41452462700.59886
,,,,2026-01-24 06:20:41,89567.0,40413081810.92523
,,,,2026-01-24 07:14:20,89520.0,39777184082.37388
,,,,2026-01-24 08:17:32,89477.0,38584664541.25689
,,,,2026-01-24 09:13:36,89512.0,38005028125.1271
,,,,2026-01-24 10:13:56,89507.0,36522644455.8378
,,,,2026-01-24 11:11:39,89477.0,35286405197.8628
,,,,2026-01-24 12:25:10,89419.0,34628623502.78857
,,,,2026-01-24 13:26:24,89388.0,34206893729.506355
,,,,2026-01-24 14:12:56,89316.0,34414818980.85319
,,,,2026-01-24 15:12:53,89313.0,31766072914.412563
,,,,2026-01-24 16:15:33,89139.0,29324319291.340782
,,,,2026-01-24 17:11:43,89150.0,26803162850.384827
,,,,2026-01-24 18:19:19,89266.0,23464266089.14825
,,,,2026-01-24 19:11:08,89203.0,21648020037.80022
,,,,2026-01-24 20:14:02,89229.0,19171667243.50252
,,,,2026-01-24 21:11:57,89142.0,17642431341.297787
,,,,2026-01-24 22:12:53,89263.0,16675372379.495293
,,,,2026-01-24 23:13:15,89195.0,16399774658.486334
,,,,2026-01-25 01:12:15,89151.0,15998703147.155022
,,,,2026-01-25 03:47:02,88758.0,16685214565.589914
,,,,2026-01-25 04:45:34,88932.0,16868074191.30572
,,,,2026-01-25 05:22:43,88868.0,16975063034.978006
,,,,2026-01-25 06:21:05,88605.0,17632500627.936604
,,,,2026-01-25 07:16:05,88630.0,17763017440.090332
,,,,2026-01-25 08:18:02,88578.0,17446818439.81074
,,,,2026-01-25 09:14:32,88209.0,18710069251.81369
,,,,2026-01-25 10:14:04,88351.0,18520010722.878483
,,,,2026-01-25 11:11:24,88482.0,19538108373.69335
,,,,2026-01-25 12:26:31,88557.0,20167569592.105465
,,,,2026-01-25 13:27:24,88662.0,19973141653.514584
,,,,2026-01-25 14:12:46,88733.0,20030329991.44212
,,,,2026-01-25 15:13:11,88621.0,20408875662.009422
,,,,2026-01-25 16:16:14,87829.0,21846296192.55007
,,,,2026-01-25 17:11:38,87845.0,24255498030.435112
,,,,2026-01-25 18:19:33,87625.0,25961024524.94464
,,,,2026-01-25 19:11:15,87196.0,29011447707.927258
,,,,2026-01-25 20:15:23,86408.0,32886284907.8856
,,,,2026-01-25 21:12:27,86724.0,34844213474.27767
,,,,2026-01-25 22:13:12,86355.0,36670998387.041954
,,,,2026-01-25 23:13:33,86289.0,37494632168.4205
,,,,2026-01-26 01:10:59,87196.0,42194764247.74409
,,,,2026-01-26 03:50:02,87181.0,46999651067.78941
,,,,2026-01-26 04:49:45,87671.0,48582599424.853584
,,,,2026-01-26 05:27:52,87731.0,48857581666.35652
,,,,2026-01-26 06:26:12,87791.0,50367655843.48469
,,,,2026-01-26 07:21:40,87836.0,51456508986.81924
,,,,2026-01-26 08:21:47,87825.0,52757788817.31273
,,,,2026-01-26 09:26:55,87650.0,53007762491.6569
,,,,2026-01-26 10:19:01,87722.0,53708882839.66173
,,,,2026-01-26 11:15:21,87871.0,53070164553.905525
,,,,2026-01-26 12:30:19,87788.0,53181568583.44512
,,,,2026-01-26 13:38:30,87916.0,54176292393.232445
,,,,2026-01-26 14:21:09,87595.0,54650143828.86747
,,,,2026-01-26 15:21:18,88563.0,58276799429.44687
,,,,2026-01-26 16:23:14,87446.0,59901133842.566986
,,,,2026-01-26 17:23:31,87233.0,58076625782.84147
,,,,2026-01-26 18:24:07,87851.0,59062143758.26988
,,,,2026-01-26 19:18:10,88283.0,57106224736.05982
,,,,2026-01-26 20:17:19,87834.0,53746847862.29231
,,,,2026-01-26 21:16:30,87737.0,52612355298.48559
,,,,2026-01-26 22:14:41,87997.0,52742994144.53753
,,,,2026-01-26 23:14:43,88057.0,50953478446.48819
,,,,2026-01-27 01:09:47,88103.0,47545605816.70942
,,,,2026-01-27 03:41:30,88718.0,45682586454.20844
,,,,2026-01-27 04:40:31,88678.0,43695420961.028366
,,,,2026-01-27 05:20:56,88322.0,43618141638.43768
,,,,2026-01-27 06:23:46,88368.0,42392765040.99543
,,,,2026-01-27 07:21:29,88351.0,41755273998.2418
,,,,2026-01-27 08:22:01,88250.0,40149655500.368965
,,,,2026-01-27 09:25:16,87901.0,39293375780.35114
,,,,2026-01-27 10:19:20,87894.0,39909497818.78916
,,,,2026-01-27 11:17:08,87774.0,40133330769.5154
,,,,2026-01-27 12:30:58,87928.0,40719681591.803566
,,,,2026-01-27 13:40:21,87901.0,40952187108.0062
,,,,2026-01-27 14:22:28,88121.0,40387876448.15438
,,,,2026-01-27 15:23:09,87662.0,38232412878.38249
,,,,2026-01-27 16:20:50,88338.0,38013557872.32818
,,,,2026-01-27 17:21:55,87545.0,38944605372.04347
,,,,2026-01-27 18:26:59,87726.0,40685507379.12421
,,,,2026-01-27 19:21:11,88147.0,40710330250.21143
,,,,2026-01-27 20:15:22,88598.0,40564243489.43613
,,,,2026-01-27 21:12:04,89379.0,43020954642.099045
,,,,2026-01-27 22:15:44,89038.0,43471160053.0895
,,,,2026-01-27 23:14:47,89161.0,43845958870.73751
,,,,2026-01-28 01:06:04,89320.0,44121355485.96929
,,,,2026-01-28 03:29:03,88950.0,42811123687.03863
,,,,2026-01-28 04:37:56,88894.0,42762019651.40498
,,,,2026-01-28 05:22:20,88783.0,42983156443.88975
,,,,2026-01-28 06:25:28,89133.0,42934876896.883545
,,,,2026-01-28 07:19:46,89113.0,43473936428.68563
,,,,2026-01-28 08:21:06,89020.0,43965833930.63373
,,,,2026-01-28 09:27:10,88890.0,43987135999.21239
,,,,2026-01-28 10:20:29,89332.0,44545626047.43559
,,,,2026-01-28 11:17:04,89237.0,44016796736.091866
,,,,2026-01-28 12:31:27,89747.0,46181897662.229324
,,,,2026-01-28 13:41:43,90167.0,48321000812.777725
,,,,2026-01-28 14:22:23,89928.0,49217324379.82591
,,,,2026-01-28 15:24:06,89100.0,49847033189.503006
,,,,2026-01-28 16:26:31,89405.0,48529646636.12425
,,,,2026-01-28 17:26:35,89494.0,47499757420.468094
,,,,2026-01-28 18:27:29,89725.0,48114087549.95706
,,,,2026-01-28 19:20:36,89329.0,48154092539.070015
,,,,2026-01-28 20:20:29,89424.0,48540726554.21336
,,,,2026-01-28 21:22:31,89107.0,47335177738.80765
,,,,2026-01-28 22:18:55,89109.0,46521430378.73503
,,,,2026-01-28 23:19:23,89312.0,46235906793.93877
,,,,2026-01-29 01:15:43,88977.0,45405348409.96262
,,,,2026-01-29 04:01:25,87914.0,48519811494.54986
,,,,2026-01-29 05:37:13,88183.0,49100887500.0562
,,,,2026-01-29 06:36:28,88190.0,48759863722.73997
,,,,2026-01-29 07:35:04,88144.0,48869324370.9839
,,,,2026-01-29 08:29:27,88079.0,50204885376.63617
,,,,2026-01-29 09:34:12,87845.0,50131618484.68575
,,,,2026-01-29 10:28:26,87779.0,49694901758.29815
,,,,2026-01-29 11:24:46,87816.0,50149944946.76451
,,,,2026-01-29 12:37:04,87889.0,48573449742.2575
,,,,2026-01-29 13:54:06,87920.0,45121495646.54275
,,,,2026-01-29 14:33:31,87685.0,45625967145.9304
,,,,2026-01-29 15:28:01,85384.0,47435213815.02958
,,,,2026-01-29 16:33:20,84378.0,57490173334.673706
,,,,2026-01-29 17:31:15,84977.0,62100458116.16074
,,,,2026-01-29 18:32:58,83634.0,64198641483.27117
,,,,2026-01-29 19:24:58,83501.0,66050321648.32593
,,,,2026-01-29 20:20:44,83983.0,67843720927.17623
,,,,2026-01-29 21:19:26,84209.0,67489069368.7869
,,,,2026-01-29 22:19:38,84257.0,70063111008.0567
,,,,2026-01-29 23:18:47,84372.0,70557506744.20482
,,,,2026-01-30 01:15:14,83998.0,71803499678.14827
,,,,2026-01-30 04:01:34,82558.0,82636709243.02803
,,,,2026-01-30 05:40:12,83057.0,85333030185.33119
,,,,2026-01-30 06:37:40,82318.0,86736193621.98775
,,,,2026-01-30 07:34:50,82472.0,88638384310.46805
,,,,2026-01-30 08:28:29,82651.0,89231557337.80365
,,,,2026-01-30 09:30:59,82307.0,90442134863.13548
,,,,2026-01-30 10:24:44,82326.0,90943643868.8488
,,,,2026-01-30 11:22:05,82645.0,91182611293.28049
,,,,2026-01-30 12:35:11,82568.0,91824900319.83276
,,,,2026-01-30 13:49:23,82695.0,93302826528.8341
,,,,2026-01-30 14:28:58,82877.0,93048358390.80086
,,,,2026-01-30 15:26:12,83028.0,89628187406.38991
,,,,2026-01-30 16:29:05,82857.0,84081313555.64024
,,,,2026-01-30 17:26:58,83157.0,78329877828.91519
,,,,2026-01-30 18:31:04,82359.0,78503860753.5631
,,,,2026-01-30 19:26:07,84287.0,79145062939.81483
,,,,2026-01-30 20:20:05,83766.0,78712085867.41045
,,,,2026-01-30 21:20:25,84178.0,80881794331.59811
,,,,2026-01-30 22:16:07,83887.0,80607277891.54807
,,,,2026-01-30 23:18:04,83915.0,79988012504.10045
,,,,2026-01-31 01:12:11,84069.0,77279528291.69684
,,,,2026-01-31 03:58:37,83918.0,63525673080.72424
,,,,2026-01-31 05:01:43,83856.0,61120793866.07843
,,,,2026-01-31 06:27:51,83647.0,59249779374.57268
,,,,2026-01-31 07:21:57,83558.0,57081801568.83653
,,,,2026-01-31 08:19:56,83059.0,55690057036.02876
,,,,2026-01-31 09:20:43,83019.0,56170917957.74703
,,,,2026-01-31 10:16:01,82873.0,54955651840.11176
,,,,2026-01-31 11:13:30,82917.0,54461342490.73408
,,,,2026-01-31 12:28:50,82871.0,53411529759.24538
,,,,2026-01-31 13:35:59,82523.0,53630811625.5402
,,,,2026-01-31 14:17:13,82277.0,53221331297.43748
,,,,2026-01-31 15:15:23,81166.0,56406503092.1679
,,,,2026-01-31 16:18:15,80706.0,56673067521.161415
,,,,2026-01-31 17:16:55,78911.0,65291679971.60127
,,,,2026-01-31 18:20:44,78333.0,68115198552.8347
,,,,2026-01-31 19:15:01,78086.0,74834257066.1027
,,,,2026-01-31 20:16:21,77485.0,75529464003.46263
,,,,2026-01-31 21:14:34,77691.0,74035913077.41158
,,,,2026-01-31 22:14:13,78094.0,75131470090.73886
,,,,2026-01-31 23:14:37,78142.0,76565997722.97856
,,,,2026-02-01 01:27:43,78531.0,79682833113.71062
,,,,2026-02-01 04:23:21,78940.0,82605295032.15282
,,,,2026-02-01 05:55:10,78515.0,83359930552.08252
,,,,2026-02-01 06:39:11,78480.0,83800123275.09447
,,,,2026-02-01 07:31:53,78121.0,84627135251.57153
,,,,2026-02-01 08:22:38,78241.0,83231766550.72182
,,,,2026-02-01 09:22:45,78663.0,82324984384.34991
,,,,2026-02-01 10:17:08,79036.0,82881291708.34474
,,,,2026-02-01 11:15:35,78382.0,83042357729.07832
,,,,2026-02-01 12:30:36,78304.0,83354959090.08217
,,,,2026-02-01 13:37:30,78503.0,83658270559.37195
,,,,2026-02-01 14:18:27,78095.0,82643934464.65416
,,,,2026-02-01 15:17:07,77600.0,79233225646.0358
,,,,2026-02-01 16:19:02,77274.0,79236719008.34218
,,,,2026-02-01 17:18:19,77561.0,69915391782.5625
,,,,2026-02-01 18:22:33,78244.0,66003208826.33967
,,,,2026-02-01 19:18:25,77600.0,56546861555.32095
,,,,2026-02-01 20:16:21,77123.0,54311279500.75711
,,,,2026-02-01 21:15:21,76626.0,53777856288.65772
,,,,2026-02-01 22:15:26,77442.0,54464469471.19619
,,,,2026-02-01 23:17:08,76447.0,56515679439.74383
,,,,2026-02-02 01:19:32,77120.0,59313605492.61706
,,,,2026-02-02 04:15:13,75389.0,63720541012.35179
,,,,2026-02-02 05:58:20,75413.0,73057795933.72829
,,,,2026-02-02 07:02:43,76388.0,76813762874.51532
